-- MySQL dump 10.13  Distrib 5.7.18, for osx10.12 (x86_64)
--
-- Host: 127.0.0.1    Database: auctions
-- ------------------------------------------------------
-- Server version	5.7.18

/*!40101 SET @OLD_CHARACTER_SET_CLIENT=@@CHARACTER_SET_CLIENT */;
/*!40101 SET @OLD_CHARACTER_SET_RESULTS=@@CHARACTER_SET_RESULTS */;
/*!40101 SET @OLD_COLLATION_CONNECTION=@@COLLATION_CONNECTION */;
/*!40101 SET NAMES utf8 */;
/*!40103 SET @OLD_TIME_ZONE=@@TIME_ZONE */;
/*!40103 SET TIME_ZONE='+00:00' */;
/*!40014 SET @OLD_UNIQUE_CHECKS=@@UNIQUE_CHECKS, UNIQUE_CHECKS=0 */;
/*!40014 SET @OLD_FOREIGN_KEY_CHECKS=@@FOREIGN_KEY_CHECKS, FOREIGN_KEY_CHECKS=0 */;
/*!40101 SET @OLD_SQL_MODE=@@SQL_MODE, SQL_MODE='NO_AUTO_VALUE_ON_ZERO' */;
/*!40111 SET @OLD_SQL_NOTES=@@SQL_NOTES, SQL_NOTES=0 */;

--
-- Current Database: `auctions`
--

CREATE DATABASE /*!32312 IF NOT EXISTS*/ `auctions` /*!40100 DEFAULT CHARACTER SET latin1 */;

USE `auctions`;

--
-- Table structure for table `Address`
--

DROP TABLE IF EXISTS `Address`;
/*!40101 SET @saved_cs_client     = @@character_set_client */;
/*!40101 SET character_set_client = utf8 */;
CREATE TABLE `Address` (
  `id` int(11) NOT NULL AUTO_INCREMENT,
  `city` varchar(255) NOT NULL,
  `country` varchar(255) NOT NULL,
  `streetAddress1` varchar(255) NOT NULL,
  `streetAddress2` varchar(255) DEFAULT NULL,
  `zip` int(11) NOT NULL,
  PRIMARY KEY (`id`)
) ENGINE=MyISAM AUTO_INCREMENT=3 DEFAULT CHARSET=latin1;
/*!40101 SET character_set_client = @saved_cs_client */;

--
-- Dumping data for table `Address`
--

LOCK TABLES `Address` WRITE;
/*!40000 ALTER TABLE `Address` DISABLE KEYS */;
INSERT INTO `Address` VALUES (1,'Fairfield','United States','107 S B St, Apt. #1','',52556),(2,'Chicago','United States','701 First Avenue','#1007',43244);
/*!40000 ALTER TABLE `Address` ENABLE KEYS */;
UNLOCK TABLES;

--
-- Table structure for table `Auction`
--

DROP TABLE IF EXISTS `Auction`;
/*!40101 SET @saved_cs_client     = @@character_set_client */;
/*!40101 SET character_set_client = utf8 */;
CREATE TABLE `Auction` (
  `id` int(11) NOT NULL AUTO_INCREMENT,
  `created` datetime DEFAULT NULL,
  `end` datetime DEFAULT NULL,
  `isActive` bit(1) NOT NULL,
  `isDeleted` bit(1) NOT NULL,
  `minimumBid` double NOT NULL,
  `modified` datetime DEFAULT NULL,
  `start` datetime DEFAULT NULL,
  `item_id` int(11) NOT NULL,
  `seller_id` int(11) NOT NULL,
  `winner_id` int(11) DEFAULT NULL,
  PRIMARY KEY (`id`),
  KEY `FKlj4pwpl9a4wobonngn6vsy92x` (`item_id`),
  KEY `FKi53yrdakbhb68ks5i7a8pvsby` (`seller_id`),
  KEY `FK4s04yn8vap16emn8tqqou9u71` (`winner_id`)
) ENGINE=MyISAM AUTO_INCREMENT=107 DEFAULT CHARSET=latin1;
/*!40101 SET character_set_client = @saved_cs_client */;

--
-- Dumping data for table `Auction`
--

LOCK TABLES `Auction` WRITE;
/*!40000 ALTER TABLE `Auction` DISABLE KEYS */;
INSERT INTO `Auction` VALUES (1,'2017-06-20 23:55:59','2017-10-03 20:14:41','','\0',44,'2017-06-20 23:55:59',NULL,1,2,NULL),(2,'2017-06-21 01:37:33','2018-08-08 00:40:46','','\0',8.8,'2017-06-21 01:39:46',NULL,2,2,NULL),(3,'2017-06-21 01:53:29','2017-10-03 20:14:41','\0','',4.9,'2017-06-21 01:53:29',NULL,3,2,NULL),(4,'2017-06-21 16:33:01','2018-06-21 16:32:43','\0','\0',66,'2017-06-21 16:33:01',NULL,4,2,NULL),(5,'2017-06-21 20:14:41','2018-02-11 14:24:02','','',23,'2016-08-08 11:53:41','2017-01-04 02:57:10',5,2,NULL),(6,'2017-06-21 20:14:41','2017-10-03 20:14:41','\0','\0',31,'2016-09-16 04:02:55','2017-04-07 16:58:54',6,2,NULL),(7,'2017-06-21 20:14:41','2017-10-03 20:14:41','\0','',13,'2017-07-07 06:48:31','2018-03-13 06:40:25',7,2,NULL),(8,'2017-06-21 20:14:41','2017-10-03 20:14:41','\0','\0',19,'2018-01-02 23:11:25','2018-03-29 19:22:17',8,2,NULL),(9,'2017-06-21 20:14:41','2017-10-03 20:14:41','\0','\0',23,'2016-10-29 03:01:42','2018-03-18 19:19:30',9,2,NULL),(10,'2017-02-25 00:44:51','2018-02-18 09:08:32','','\0',28,'2016-09-18 20:06:08','2017-09-23 18:39:38',10,2,NULL),(11,'2016-11-30 19:35:26','2017-10-03 20:14:41','\0','\0',26,'2017-06-17 23:04:35','2017-07-10 09:36:43',11,2,NULL),(12,'2017-06-21 20:14:41','2017-10-03 20:14:41','\0','\0',22,'2017-04-04 02:00:43','2018-03-19 20:27:44',12,2,NULL),(13,'2017-06-21 20:14:41','2017-10-03 20:14:41','\0','',14,'2018-01-25 12:04:39','2018-05-30 09:10:29',13,2,NULL),(14,'2016-08-26 20:41:21','2017-10-03 20:14:41','','\0',33,'2018-01-13 16:38:29','2016-10-19 05:44:20',14,2,NULL),(15,'2017-06-21 20:14:41','2018-01-19 23:36:30','','',33,'2017-10-21 19:30:52','2017-01-10 08:55:03',15,2,NULL),(16,'2017-06-21 20:14:41','2018-03-30 14:05:35','','\0',18,'2016-12-07 08:43:38','2016-09-11 00:02:05',16,2,NULL),(17,'2017-06-21 20:14:41','2018-06-09 02:42:41','','\0',17,'2016-11-15 12:59:58','2016-08-15 23:22:59',17,2,NULL),(18,'2017-01-15 21:47:08','2017-10-03 20:14:41','\0','\0',17,'2017-05-24 21:38:15','2017-11-30 15:04:56',18,2,NULL),(19,'2017-06-21 20:14:41','2017-08-07 13:42:20','\0','',20,'2017-06-10 11:48:07','2016-11-24 10:20:47',19,2,NULL),(20,'2017-03-13 15:16:32','2017-07-15 17:43:36','\0','',25,'2017-02-10 21:28:47','2017-12-15 04:57:34',20,2,NULL),(21,'2017-04-07 20:26:46','2017-11-21 02:19:22','\0','\0',14,'2018-01-23 02:59:09','2017-08-16 14:24:26',21,2,NULL),(22,'2016-09-24 13:32:13','2017-09-16 16:04:03','','\0',32,'2017-02-16 03:21:22','2017-08-21 00:18:46',22,2,NULL),(23,'2017-05-14 13:08:50','2017-10-03 20:14:41','','',23,'2016-12-18 23:41:00','2017-07-02 10:50:47',23,2,NULL),(24,'2017-06-21 20:14:41','2018-04-02 06:39:51','\0','',33,'2016-07-21 17:39:52','2017-12-30 08:52:34',24,2,NULL),(25,'2016-06-22 19:01:15','2018-05-22 07:31:34','','\0',34,'2017-11-05 09:03:59','2017-08-23 16:49:44',25,2,NULL),(26,'2017-06-21 20:14:41','2018-04-26 01:17:16','','\0',32,'2018-01-14 00:41:47','2017-04-18 18:01:22',26,2,NULL),(27,'2017-03-31 13:17:29','2017-10-03 20:14:41','\0','\0',22,'2017-09-30 08:54:24','2017-09-26 13:57:23',27,2,NULL),(28,'2017-05-16 12:55:58','2017-10-03 20:14:41','\0','\0',9,'2016-10-02 13:58:03','2017-12-11 08:45:05',28,2,NULL),(29,'2017-06-13 07:11:55','2018-01-26 13:01:13','','\0',9,'2017-12-24 23:14:30','2017-01-17 13:14:46',29,2,NULL),(30,'2017-06-21 20:14:41','2017-10-03 20:14:41','','',15,'2018-02-19 13:48:08','2018-01-20 09:26:16',30,2,NULL),(31,'2016-07-16 13:00:01','2018-02-15 04:28:48','\0','',28,'2017-03-24 13:13:56','2016-12-13 03:58:08',31,2,NULL),(32,'2017-06-21 20:14:41','2017-10-03 20:14:41','\0','\0',10,'2018-04-22 06:19:51','2016-08-28 05:18:57',32,2,NULL),(33,'2017-02-17 23:09:32','2017-07-05 08:14:49','','\0',9,'2016-08-15 04:55:33','2017-09-12 04:25:27',33,2,NULL),(34,'2017-06-21 20:14:41','2017-10-03 20:14:41','','',5,'2017-02-28 17:33:46','2018-05-20 22:58:58',34,2,NULL),(35,'2017-06-21 20:14:41','2017-10-03 20:14:41','','',24,'2016-12-09 02:14:20','2016-12-30 11:17:39',35,2,NULL),(36,'2017-06-21 20:14:41','2017-10-03 20:14:41','\0','',12,'2017-05-02 06:58:40','2016-09-18 06:21:25',36,2,NULL),(37,'2017-01-02 19:15:21','2018-04-22 15:10:34','\0','',34,'2016-07-10 15:13:47','2017-07-14 17:13:14',37,2,NULL),(38,'2017-06-21 20:14:41','2017-10-03 20:14:41','','\0',26,'2018-04-23 05:33:15','2017-10-27 12:28:27',38,2,NULL),(39,'2016-09-17 04:35:04','2018-01-04 11:20:21','\0','\0',22,'2018-02-10 03:59:37','2016-11-13 15:41:24',39,2,NULL),(40,'2017-06-21 20:14:41','2017-10-03 20:14:41','','',8,'2018-04-03 17:40:34','2017-12-16 02:41:02',40,2,NULL),(41,'2017-06-04 16:05:56','2017-06-22 23:07:33','\0','',30,'2017-04-07 04:22:54','2017-09-02 13:05:28',41,2,NULL),(42,'2017-03-01 14:46:41','2017-10-06 06:41:49','\0','',13,'2016-10-27 10:50:29','2016-08-20 02:05:35',42,2,NULL),(43,'2017-06-21 20:14:41','2017-10-03 20:14:41','\0','\0',27,'2018-01-25 16:10:42','2017-09-03 01:47:13',43,2,NULL),(44,'2016-07-31 15:27:02','2017-08-22 23:45:34','\0','',5,'2017-09-02 06:27:36','2017-02-22 05:22:39',44,2,NULL),(45,'2016-12-30 00:06:21','2017-10-03 20:14:41','','',21,'2017-12-05 01:42:47','2016-08-14 19:03:27',45,2,NULL),(46,'2016-07-01 01:31:05','2017-08-22 01:59:18','\0','',10,'2017-01-30 09:10:23','2016-07-04 19:49:40',46,2,NULL),(47,'2017-06-21 20:14:41','2017-08-10 18:19:08','\0','\0',17,'2017-12-29 11:55:27','2016-07-20 16:50:45',47,2,NULL),(48,'2017-06-21 20:14:41','2017-10-03 20:14:41','','',23,'2017-06-04 21:54:41','2018-05-10 21:31:29',48,2,NULL),(49,'2017-01-23 05:59:08','2017-10-03 20:14:41','\0','',9,'2017-02-05 16:15:35','2016-12-18 22:01:20',49,2,NULL),(50,'2017-06-21 20:14:41','2017-10-03 20:14:41','','',16,'2018-02-14 14:12:49','2018-02-13 04:39:11',50,2,NULL),(51,'2017-06-21 20:14:41','2017-10-03 20:14:41','\0','\0',12,'2018-03-22 22:32:57','2017-10-14 21:43:07',51,2,NULL),(52,'2017-06-21 20:14:41','2018-01-28 00:02:40','','',29,'2016-11-03 12:46:19','2017-03-31 14:05:08',52,2,NULL),(53,'2016-08-26 20:24:29','2017-10-03 20:14:41','\0','',7,'2018-04-02 09:59:49','2016-08-20 16:04:05',53,2,NULL),(54,'2016-07-25 19:48:18','2017-09-20 14:50:34','','',21,'2017-12-06 17:17:47','2016-06-25 22:13:11',54,2,NULL),(55,'2017-02-25 09:08:41','2018-02-06 05:41:08','','\0',7,'2016-10-23 09:15:30','2017-04-21 12:26:13',55,2,NULL),(56,'2017-03-25 01:41:55','2018-02-01 07:05:58','','',14,'2017-07-23 22:36:05','2018-05-03 14:39:40',56,2,NULL),(57,'2017-05-15 15:46:30','2017-10-03 20:14:41','\0','',9,'2017-10-24 16:58:10','2016-11-29 19:47:04',57,2,NULL),(58,'2017-06-21 20:14:41','2017-11-11 07:41:58','','\0',18,'2017-04-25 02:49:49','2017-10-13 20:48:16',58,2,NULL),(59,'2017-01-06 21:13:47','2018-02-11 18:31:24','','\0',6,'2017-03-18 12:22:54','2017-08-20 02:22:10',59,2,NULL),(60,'2017-06-21 20:14:41','2018-03-29 11:05:15','\0','\0',24,'2017-09-07 02:06:44','2016-12-25 18:34:05',60,2,NULL),(61,'2016-12-27 14:40:12','2017-10-03 20:14:41','','',10,'2017-10-07 03:37:15','2016-12-26 09:58:54',61,2,NULL),(62,'2017-02-07 10:40:43','2017-11-15 15:30:03','','\0',29,'2018-05-06 04:32:39','2017-09-12 18:24:11',62,2,NULL),(63,'2016-09-12 08:03:26','2017-06-25 04:25:53','','\0',30,'2017-10-26 13:37:20','2016-08-13 12:09:08',63,2,NULL),(64,'2016-08-27 21:40:09','2017-10-03 20:14:41','\0','',23,'2017-10-09 11:03:24','2016-11-06 11:04:01',64,2,NULL),(65,'2017-06-21 20:14:41','2017-10-03 20:14:41','','\0',17,'2017-07-23 01:02:30','2016-07-11 09:50:49',65,2,NULL),(66,'2016-07-22 12:21:11','2017-10-31 13:17:26','','',35,'2018-03-29 08:12:42','2018-02-04 13:26:27',66,2,NULL),(67,'2017-02-03 23:24:13','2018-02-28 07:00:56','\0','\0',12,'2016-08-25 10:29:49','2016-09-10 20:59:47',67,2,NULL),(68,'2016-10-18 03:35:45','2018-04-26 00:14:56','','\0',5,'2018-05-15 01:47:39','2017-02-21 05:29:32',68,2,NULL),(69,'2017-06-21 20:14:41','2018-05-24 11:05:28','','',17,'2018-04-13 23:02:34','2016-09-21 15:53:44',69,2,NULL),(70,'2017-06-21 20:14:41','2017-10-03 20:14:41','','',17,'2018-01-17 11:54:34','2017-05-14 09:46:48',70,2,NULL),(71,'2017-06-21 20:14:41','2017-12-11 18:14:26','\0','\0',35,'2016-12-08 09:06:12','2017-05-11 04:20:20',71,2,NULL),(72,'2017-06-10 18:03:16','2018-03-10 04:06:20','\0','',19,'2016-09-30 16:10:41','2017-11-21 13:53:03',72,2,NULL),(73,'2017-06-21 20:14:41','2018-03-24 03:21:43','','',20,'2017-02-23 17:03:15','2016-12-10 01:42:13',73,2,NULL),(74,'2017-06-21 20:14:41','2017-10-03 20:14:41','','',34,'2017-02-09 10:40:17','2017-12-23 14:05:46',74,2,NULL),(75,'2016-07-25 00:14:13','2017-10-03 20:14:41','','\0',34,'2018-03-02 02:49:40','2017-04-29 07:09:36',75,2,NULL),(76,'2016-09-03 07:42:49','2017-09-29 18:45:57','','\0',28,'2017-04-24 02:06:36','2018-05-16 03:22:05',76,2,NULL),(77,'2016-12-12 16:58:32','2017-10-18 03:22:27','\0','\0',9,'2016-09-28 15:36:25','2017-05-20 00:18:54',77,2,NULL),(78,'2017-06-21 20:14:41','2017-10-03 20:14:41','','',18,'2017-01-26 08:31:30','2018-03-25 23:17:07',78,2,NULL),(79,'2016-10-02 23:29:29','2017-10-03 20:14:41','\0','',27,'2016-07-27 20:54:32','2017-08-23 20:30:48',79,2,NULL),(80,'2016-09-20 21:58:33','2017-12-17 19:47:11','\0','',19,'2016-12-23 07:59:00','2017-02-13 09:50:04',80,2,NULL),(81,'2017-05-24 22:53:52','2017-11-21 18:57:40','','\0',24,'2017-08-30 19:16:41','2016-10-13 14:02:58',81,2,NULL),(82,'2017-06-21 20:14:41','2017-09-02 11:00:09','\0','',18,'2017-08-29 08:43:33','2017-08-31 09:58:53',82,2,NULL),(83,'2017-06-21 20:14:41','2017-09-21 06:18:24','','',16,'2017-09-13 14:29:05','2018-05-11 02:09:20',83,2,NULL),(84,'2017-06-21 20:14:41','2017-10-03 20:14:41','','\0',25,'2016-07-04 01:18:09','2017-07-12 23:38:52',84,2,NULL),(85,'2016-12-28 19:05:07','2018-05-30 02:49:54','','\0',6,'2017-09-07 05:03:21','2018-04-30 13:03:14',85,2,NULL),(86,'2017-04-23 17:37:37','2017-10-03 20:14:41','\0','\0',29,'2017-02-21 08:46:47','2017-08-03 16:24:15',86,2,NULL),(87,'2017-06-21 20:14:41','2018-03-28 14:54:10','','',19,'2017-01-06 11:22:41','2017-05-27 12:11:40',87,2,NULL),(88,'2016-09-21 23:51:19','2017-10-03 20:14:41','','\0',33,'2017-04-21 06:23:49','2018-06-12 16:17:23',88,2,NULL),(89,'2016-07-24 10:46:32','2018-04-11 13:07:29','\0','\0',12,'2016-12-20 11:43:44','2017-11-13 20:30:54',89,2,NULL),(90,'2017-06-21 20:14:41','2017-10-03 20:14:41','\0','',14,'2017-04-28 03:51:33','2017-11-10 21:33:56',90,2,NULL),(91,'2017-05-23 10:03:20','2017-10-03 20:14:41','\0','',6,'2018-03-12 10:58:36','2017-07-18 04:45:53',91,2,NULL),(92,'2017-06-21 20:14:41','2018-03-27 20:28:53','\0','\0',5,'2018-01-30 05:10:56','2018-04-22 07:20:18',92,2,NULL),(93,'2016-11-30 09:03:22','2017-11-12 23:08:42','\0','',26,'2017-04-28 05:07:38','2017-06-29 00:41:53',93,2,NULL),(94,'2017-01-03 10:44:06','2017-08-15 06:55:02','','\0',6,'2016-06-27 11:51:08','2017-09-14 14:50:50',94,2,NULL),(95,'2017-06-21 20:14:41','2017-09-14 08:26:22','\0','',25,'2018-03-16 22:43:01','2017-02-09 20:54:26',95,2,NULL),(96,'2016-10-05 11:41:34','2017-10-03 20:14:41','','',22,'2016-10-04 08:32:45','2017-07-25 16:57:06',96,2,NULL),(97,'2017-05-08 06:10:04','2018-05-26 12:34:43','','',34,'2017-06-23 16:07:32','2017-01-24 04:53:16',97,2,NULL),(98,'2017-06-21 20:14:41','2018-04-07 18:46:41','','',16,'2016-11-06 15:56:28','2016-09-12 03:07:34',98,2,NULL),(99,'2017-06-21 20:14:41','2017-10-03 20:14:41','','\0',5,'2016-07-03 01:21:36','2017-02-13 06:34:30',99,2,NULL),(100,'2017-06-21 20:14:41','2018-02-20 16:38:06','\0','\0',8,'2016-09-11 18:56:13','2016-09-14 02:20:10',100,2,NULL),(101,'2016-10-08 16:50:18','2017-10-03 20:14:41','\0','\0',15,'2017-03-30 02:51:33','2016-07-30 21:40:22',101,2,NULL),(102,'2016-09-22 05:30:11','2018-05-03 00:08:56','\0','\0',28,'2017-10-06 17:00:50','2017-02-24 00:07:29',102,2,NULL),(103,'2016-11-16 19:28:05','2017-09-14 10:08:32','\0','\0',24,'2017-09-10 06:35:49','2017-03-04 05:40:56',103,2,NULL),(104,'2017-06-21 20:14:41','2017-10-03 20:14:41','','\0',11,'2018-05-17 15:43:54','2017-04-22 06:17:02',104,2,NULL),(105,'2017-06-21 20:14:41','2018-01-28 11:43:30','\0','',30,'2016-07-20 18:03:12','2016-07-29 00:53:56',105,2,NULL),(106,'2017-06-22 00:33:24','2017-08-22 00:31:45','','\0',62.25,'2017-06-22 00:33:24',NULL,106,2,NULL);
/*!40000 ALTER TABLE `Auction` ENABLE KEYS */;
UNLOCK TABLES;

--
-- Table structure for table `Auction_Bid`
--

DROP TABLE IF EXISTS `Auction_Bid`;
/*!40101 SET @saved_cs_client     = @@character_set_client */;
/*!40101 SET character_set_client = utf8 */;
CREATE TABLE `Auction_Bid` (
  `Auction_id` int(11) NOT NULL,
  `bids_id` int(11) NOT NULL,
  UNIQUE KEY `UK_kkdxhawbeh023qyeil4nwadw1` (`bids_id`),
  KEY `FKrnq0dnwm1wsd529ff6aa5pkia` (`Auction_id`)
) ENGINE=MyISAM DEFAULT CHARSET=latin1;
/*!40101 SET character_set_client = @saved_cs_client */;

--
-- Dumping data for table `Auction_Bid`
--

LOCK TABLES `Auction_Bid` WRITE;
/*!40000 ALTER TABLE `Auction_Bid` DISABLE KEYS */;
/*!40000 ALTER TABLE `Auction_Bid` ENABLE KEYS */;
UNLOCK TABLES;

--
-- Table structure for table `Bid`
--

DROP TABLE IF EXISTS `Bid`;
/*!40101 SET @saved_cs_client     = @@character_set_client */;
/*!40101 SET character_set_client = utf8 */;
CREATE TABLE `Bid` (
  `id` int(11) NOT NULL AUTO_INCREMENT,
  `amount` double NOT NULL,
  `auction_id` int(11) NOT NULL,
  `customer_id` int(11) NOT NULL,
  PRIMARY KEY (`id`),
  KEY `FKj2mv027dxn0c0byre9j5hm6m3` (`auction_id`),
  KEY `FK62ayedj22k9pgyje5in0qvl4c` (`customer_id`)
) ENGINE=MyISAM AUTO_INCREMENT=4 DEFAULT CHARSET=latin1;
/*!40101 SET character_set_client = @saved_cs_client */;

--
-- Dumping data for table `Bid`
--

LOCK TABLES `Bid` WRITE;
/*!40000 ALTER TABLE `Bid` DISABLE KEYS */;
INSERT INTO `Bid` VALUES (1,24,48,1),(2,130,106,1),(3,140,106,1);
/*!40000 ALTER TABLE `Bid` ENABLE KEYS */;
UNLOCK TABLES;

--
-- Table structure for table `Item`
--

DROP TABLE IF EXISTS `Item`;
/*!40101 SET @saved_cs_client     = @@character_set_client */;
/*!40101 SET character_set_client = utf8 */;
CREATE TABLE `Item` (
  `id` int(11) NOT NULL AUTO_INCREMENT,
  `created` datetime DEFAULT NULL,
  `quantity` int(11) NOT NULL,
  `product_id` int(11) NOT NULL,
  `seller_id` int(11) NOT NULL,
  PRIMARY KEY (`id`),
  KEY `FKt9no2hebi43y3umpo8xj3fadr` (`product_id`),
  KEY `FK5m3yq4976135by1hnpbwdp7o9` (`seller_id`)
) ENGINE=MyISAM AUTO_INCREMENT=107 DEFAULT CHARSET=latin1;
/*!40101 SET character_set_client = @saved_cs_client */;

--
-- Dumping data for table `Item`
--

LOCK TABLES `Item` WRITE;
/*!40000 ALTER TABLE `Item` DISABLE KEYS */;
INSERT INTO `Item` VALUES (1,'2017-06-20 23:55:59',3,1,2),(2,'2017-06-21 01:37:33',8,2,2),(3,NULL,4,3,2),(4,'2017-06-21 16:33:01',3,4,2),(5,'2016-09-12 13:55:49',50,4,2),(6,'2017-07-31 08:18:16',85,1,2),(7,'2017-02-02 00:52:55',17,4,2),(8,'2017-04-03 11:52:25',71,4,2),(9,'2016-07-13 17:03:05',65,2,2),(10,'2017-01-15 01:54:17',47,1,2),(11,'2016-07-18 23:59:07',19,4,2),(12,'2016-07-23 01:20:57',42,4,2),(13,'2017-05-05 18:37:06',7,4,2),(14,'2017-05-28 12:54:53',41,1,2),(15,'2017-04-26 02:01:49',22,4,2),(16,'2016-07-12 17:47:29',73,3,2),(17,'2017-01-14 06:51:59',77,3,2),(18,'2018-04-05 22:57:46',33,2,2),(19,'2018-04-13 06:27:05',77,1,2),(20,'2017-09-21 11:48:58',10,2,2),(21,'2018-02-01 09:01:20',86,1,2),(22,'2017-12-08 21:00:19',15,4,2),(23,'2017-07-29 07:35:13',79,4,2),(24,'2017-02-16 23:27:37',65,3,2),(25,'2016-07-01 01:39:55',73,2,2),(26,'2017-12-12 01:09:10',49,3,2),(27,'2017-06-17 01:24:29',89,4,2),(28,'2017-04-23 09:37:58',51,3,2),(29,'2018-02-01 07:53:35',10,3,2),(30,'2017-12-22 15:46:02',75,4,2),(31,'2018-01-30 20:54:50',73,2,2),(32,'2017-11-05 08:15:04',52,3,2),(33,'2016-07-08 20:11:12',35,3,2),(34,'2017-10-05 22:08:57',90,4,2),(35,'2017-08-15 07:51:14',86,4,2),(36,'2016-08-12 04:54:31',21,2,2),(37,'2017-06-21 03:45:45',53,2,2),(38,'2016-07-26 12:42:45',62,3,2),(39,'2017-05-05 16:44:11',51,1,2),(40,'2018-05-23 16:19:19',12,4,2),(41,'2017-01-10 10:33:56',1,2,2),(42,'2017-11-24 21:10:53',88,2,2),(43,'2017-06-14 07:30:27',14,1,2),(44,'2017-03-16 20:42:21',29,4,2),(45,'2017-10-24 12:43:20',15,3,2),(46,'2017-08-16 13:35:51',71,4,2),(47,'2017-06-26 11:53:23',23,3,2),(48,'2017-10-25 03:48:45',82,4,2),(49,'2017-01-27 20:35:36',71,1,2),(50,'2017-03-12 14:59:50',65,3,2),(51,'2017-01-20 12:16:45',30,2,2),(52,'2017-10-12 09:55:24',5,2,2),(53,'2017-03-09 20:48:51',43,3,2),(54,'2018-02-12 02:06:49',35,4,2),(55,'2017-05-11 07:37:09',54,3,2),(56,'2018-02-21 09:04:44',62,4,2),(57,'2017-08-27 12:31:33',24,2,2),(58,'2018-05-06 13:26:47',44,4,2),(59,'2018-01-31 21:11:44',63,2,2),(60,'2017-11-29 04:38:44',37,2,2),(61,'2016-07-25 02:30:10',81,2,2),(62,'2017-09-06 00:32:37',63,4,2),(63,'2016-12-28 14:23:25',23,1,2),(64,'2017-09-07 10:18:15',35,1,2),(65,'2017-10-25 10:06:41',61,2,2),(66,'2017-12-19 16:57:59',14,4,2),(67,'2016-11-14 18:45:46',23,4,2),(68,'2016-12-04 14:11:51',65,3,2),(69,'2016-06-26 18:18:37',24,2,2),(70,'2017-06-08 19:21:41',59,3,2),(71,'2017-08-23 03:30:36',65,1,2),(72,'2017-01-03 12:44:15',77,1,2),(73,'2016-10-16 08:27:52',79,1,2),(74,'2018-03-18 10:35:36',60,2,2),(75,'2016-10-25 06:28:14',50,2,2),(76,'2017-01-17 04:20:33',79,2,2),(77,'2018-05-22 16:36:05',2,3,2),(78,'2017-01-08 04:47:39',77,4,2),(79,'2016-08-08 12:50:49',29,3,2),(80,'2017-04-28 08:45:36',33,2,2),(81,'2016-08-31 03:14:09',89,1,2),(82,'2017-04-20 17:27:58',90,3,2),(83,'2016-09-24 04:15:38',58,1,2),(84,'2016-06-24 02:34:13',36,2,2),(85,'2017-03-20 14:11:23',7,1,2),(86,'2018-02-13 21:49:50',85,2,2),(87,'2017-04-11 05:23:14',9,3,2),(88,'2016-08-31 07:51:50',45,3,2),(89,'2017-07-12 21:40:59',80,3,2),(90,'2017-10-25 10:14:03',62,4,2),(91,'2016-08-31 07:20:59',10,4,2),(92,'2017-02-12 06:42:03',20,2,2),(93,'2016-10-06 18:44:40',88,2,2),(94,'2017-06-23 22:05:04',20,4,2),(95,'2017-04-11 13:45:21',2,2,2),(96,'2017-07-19 13:01:26',32,3,2),(97,'2017-03-04 02:36:54',84,3,2),(98,'2018-02-02 22:30:53',33,1,2),(99,'2017-01-31 06:06:52',17,1,2),(100,'2016-08-13 06:19:19',88,2,2),(101,'2018-05-14 03:34:19',44,3,2),(102,'2017-09-07 13:14:19',43,4,2),(103,'2017-03-20 04:21:17',8,3,2),(104,'2017-07-26 04:28:16',6,1,2),(105,'2017-03-20 04:21:17',4,1,2),(106,'2017-06-22 00:33:24',50,5,2);
/*!40000 ALTER TABLE `Item` ENABLE KEYS */;
UNLOCK TABLES;

--
-- Table structure for table `Product`
--

DROP TABLE IF EXISTS `Product`;
/*!40101 SET @saved_cs_client     = @@character_set_client */;
/*!40101 SET character_set_client = utf8 */;
CREATE TABLE `Product` (
  `id` int(11) NOT NULL AUTO_INCREMENT,
  `created` datetime DEFAULT NULL,
  `description` longtext,
  `img` varchar(255) DEFAULT NULL,
  `modified` datetime DEFAULT NULL,
  `name` varchar(255) NOT NULL,
  PRIMARY KEY (`id`)
) ENGINE=MyISAM AUTO_INCREMENT=6 DEFAULT CHARSET=latin1;
/*!40101 SET character_set_client = @saved_cs_client */;

--
-- Dumping data for table `Product`
--

LOCK TABLES `Product` WRITE;
/*!40000 ALTER TABLE `Product` DISABLE KEYS */;
INSERT INTO `Product` VALUES (1,'2017-06-20 23:55:59','iphones','product_56405f5f-bf1b-43db-a19f-40242081e6b0.jpg','2017-06-20 23:55:59','Lot of cellphones'),(2,'2017-06-21 01:37:33','with tomatoe usb 8','product_ba48291d-db1c-4696-a377-bda7e2b9b965.jpg','2017-06-21 01:37:33','Router 8'),(3,'2017-06-21 01:11:34','with tomatoe usb 2','product_ba48291d-db1c-4696-a377-bda7e2b9b965.jpg','2017-06-21 01:11:34','Router 2'),(4,'2017-06-21 16:33:01','test 7','product_46e37b18-f88f-4ce3-9309-58e285986cbf.jpg','2017-06-21 16:33:01','Router 7'),(5,'2017-06-22 00:33:24','Best fitness band ever, now with heart monitor','product_d2fa8905-f9e3-4db4-921a-a1c724463d99.jpg','2017-06-22 00:33:24','Fitness Band GQ');
/*!40000 ALTER TABLE `Product` ENABLE KEYS */;
UNLOCK TABLES;

--
-- Table structure for table `Profile`
--

DROP TABLE IF EXISTS `Profile`;
/*!40101 SET @saved_cs_client     = @@character_set_client */;
/*!40101 SET character_set_client = utf8 */;
CREATE TABLE `Profile` (
  `id` int(11) NOT NULL AUTO_INCREMENT,
  `email` varchar(255) DEFAULT NULL,
  `profileImage` varchar(255) DEFAULT NULL,
  `user_id` int(11) DEFAULT NULL,
  PRIMARY KEY (`id`),
  KEY `FK9ke43amidbypdepae19k20a12` (`user_id`)
) ENGINE=MyISAM AUTO_INCREMENT=3 DEFAULT CHARSET=latin1;
/*!40101 SET character_set_client = @saved_cs_client */;

--
-- Dumping data for table `Profile`
--

LOCK TABLES `Profile` WRITE;
/*!40000 ALTER TABLE `Profile` DISABLE KEYS */;
INSERT INTO `Profile` VALUES (1,'nuaimat2002@yahoo.com',NULL,1),(2,'nuaimat2002@yahoo.com',NULL,2);
/*!40000 ALTER TABLE `Profile` ENABLE KEYS */;
UNLOCK TABLES;

--
-- Table structure for table `Profile_Address`
--

DROP TABLE IF EXISTS `Profile_Address`;
/*!40101 SET @saved_cs_client     = @@character_set_client */;
/*!40101 SET character_set_client = utf8 */;
CREATE TABLE `Profile_Address` (
  `Profile_id` int(11) NOT NULL,
  `address_id` int(11) NOT NULL,
  UNIQUE KEY `UK_g0hkp3v5u9hqy2114e63yec7w` (`address_id`),
  KEY `FK5axtxplx53e2duhjf74rdm9nv` (`Profile_id`)
) ENGINE=MyISAM DEFAULT CHARSET=latin1;
/*!40101 SET character_set_client = @saved_cs_client */;

--
-- Dumping data for table `Profile_Address`
--

LOCK TABLES `Profile_Address` WRITE;
/*!40000 ALTER TABLE `Profile_Address` DISABLE KEYS */;
INSERT INTO `Profile_Address` VALUES (1,1),(2,2);
/*!40000 ALTER TABLE `Profile_Address` ENABLE KEYS */;
UNLOCK TABLES;

--
-- Table structure for table `User`
--

DROP TABLE IF EXISTS `User`;
/*!40101 SET @saved_cs_client     = @@character_set_client */;
/*!40101 SET character_set_client = utf8 */;
CREATE TABLE `User` (
  `id` int(11) NOT NULL AUTO_INCREMENT,
  `password` varchar(255) NOT NULL,
  `role` varchar(255) NOT NULL,
  `stars` int(11) NOT NULL,
  `username` varchar(255) NOT NULL,
  `winsCount` int(11) NOT NULL,
  `profile_id` int(11) DEFAULT NULL,
  PRIMARY KEY (`id`),
  KEY `FK5fk1wv6jxs5wjjdfc1fo6n2li` (`profile_id`)
) ENGINE=MyISAM AUTO_INCREMENT=3 DEFAULT CHARSET=latin1;
/*!40101 SET character_set_client = @saved_cs_client */;

--
-- Dumping data for table `User`
--

LOCK TABLES `User` WRITE;
/*!40000 ALTER TABLE `User` DISABLE KEYS */;
INSERT INTO `User` VALUES (1,'$2a$10$aE/Ygd6rajp7Y0ecZk7mneYjLH3lse41iNZQlWIKxz.Zk3dwXq6J6','ROLE_CUSTOMER',0,'b',0,1),(2,'$2a$10$B.H8SuCySBSOIDjOI4TRzeG1kTeHr4r7Z8VTjoWqO7Rae03Wfthsq','ROLE_SELLER',0,'s',0,2);
/*!40000 ALTER TABLE `User` ENABLE KEYS */;
UNLOCK TABLES;
/*!40103 SET TIME_ZONE=@OLD_TIME_ZONE */;

/*!40101 SET SQL_MODE=@OLD_SQL_MODE */;
/*!40014 SET FOREIGN_KEY_CHECKS=@OLD_FOREIGN_KEY_CHECKS */;
/*!40014 SET UNIQUE_CHECKS=@OLD_UNIQUE_CHECKS */;
/*!40101 SET CHARACTER_SET_CLIENT=@OLD_CHARACTER_SET_CLIENT */;
/*!40101 SET CHARACTER_SET_RESULTS=@OLD_CHARACTER_SET_RESULTS */;
/*!40101 SET COLLATION_CONNECTION=@OLD_COLLATION_CONNECTION */;
/*!40111 SET SQL_NOTES=@OLD_SQL_NOTES */;

-- Dump completed on 2017-06-22  1:11:10
